Contribución del día: Tue Jul  1 04:27:22 UTC 2025
Contribución del día: Tue Jul  1 04:29:49 UTC 2025
Contribución del día: Tue Jul  1 04:34:35 UTC 2025
Contribución del día: Tue Jul  1 04:34:46 UTC 2025
Contribución del día: Tue Jul  1 04:35:59 UTC 2025
Contribución del día: Tue Jul  1 13:44:45 UTC 2025
Contribución del día: Wed Jul  2 13:43:45 UTC 2025
Contribución del día: Thu Jul  3 13:42:10 UTC 2025
Contribución del día: Fri Jul  4 13:40:30 UTC 2025
Contribución del día: Sat Jul  5 13:18:09 UTC 2025
Contribución del día: Sun Jul  6 13:34:11 UTC 2025
Contribución del día: Mon Jul  7 13:44:55 UTC 2025
Contribución del día: Tue Jul  8 13:48:14 UTC 2025
Contribución del día: Wed Jul  9 13:45:57 UTC 2025
Contribución del día: Thu Jul 10 13:48:00 UTC 2025
Contribución del día: Fri Jul 11 13:43:59 UTC 2025
Contribución del día: Sat Jul 12 13:35:09 UTC 2025
Contribución del día: Sun Jul 13 13:36:03 UTC 2025
Contribución del día: Mon Jul 14 13:48:56 UTC 2025
Contribución del día: Tue Jul 15 13:57:34 UTC 2025
Contribución del día: Wed Jul 16 13:52:21 UTC 2025
Contribución del día: Thu Jul 17 13:51:53 UTC 2025
Contribución del día: Fri Jul 18 13:50:41 UTC 2025
Contribución del día: Sat Jul 19 13:37:32 UTC 2025
Contribución del día: Sun Jul 20 13:40:27 UTC 2025
Contribución del día: Mon Jul 21 13:51:56 UTC 2025
Contribución del día: Tue Jul 22 13:51:23 UTC 2025
Contribución del día: Wed Jul 23 12:42:04 UTC 2025
Contribución del día: Thu Jul 24 12:42:03 UTC 2025
Contribución del día: Fri Jul 25 12:40:49 UTC 2025
Contribución del día: Sat Jul 26 12:37:42 UTC 2025
Contribución del día: Sun Jul 27 12:38:40 UTC 2025
Contribución del día: Mon Jul 28 12:43:01 UTC 2025
Contribución del día: Tue Jul 29 12:43:05 UTC 2025
Contribución del día: Wed Jul 30 12:42:45 UTC 2025
Contribución del día: Thu Jul 31 12:41:14 UTC 2025
Contribución del día: Fri Aug  1 12:41:53 UTC 2025
Contribución del día: Sat Aug  2 12:38:18 UTC 2025
Contribución del día: Sun Aug  3 12:39:59 UTC 2025
Contribución del día: Mon Aug  4 12:44:18 UTC 2025
Contribución del día: Tue Aug  5 12:44:12 UTC 2025
Contribución del día: Wed Aug  6 12:44:18 UTC 2025
Contribución del día: Thu Aug  7 12:43:20 UTC 2025
Contribución del día: Fri Aug  8 12:42:18 UTC 2025
Contribución del día: Sat Aug  9 12:37:43 UTC 2025
Contribución del día: Sun Aug 10 12:37:56 UTC 2025
Contribución del día: Mon Aug 11 12:42:07 UTC 2025
Contribución del día: Tue Aug 12 12:39:52 UTC 2025
Contribución del día: Wed Aug 13 12:40:46 UTC 2025
Contribución del día: Thu Aug 14 12:41:18 UTC 2025
Contribución del día: Fri Aug 15 12:38:19 UTC 2025
Contribución del día: Sat Aug 16 12:36:17 UTC 2025
Contribución del día: Sun Aug 17 12:37:08 UTC 2025
Contribución del día: Mon Aug 18 12:41:14 UTC 2025
Contribución del día: Tue Aug 19 12:38:48 UTC 2025
Contribución del día: Wed Aug 20 12:38:31 UTC 2025
Contribución del día: Thu Aug 21 12:37:56 UTC 2025
Contribución del día: Fri Aug 22 12:37:15 UTC 2025
Contribución del día: Sat Aug 23 12:34:20 UTC 2025
Contribución del día: Sun Aug 24 12:34:44 UTC 2025
Contribución del día: Mon Aug 25 12:39:10 UTC 2025
Contribución del día: Tue Aug 26 12:40:16 UTC 2025
